{
    "img_coord": [
        [
            816.0,
            663.0
        ],
        [
            870.0,
            680.0
        ],
        [
            930.0,
            702.0
        ],
        [
            816.0,
            742.0
        ],
        [
            873.0,
            766.0
        ],
        [
            930.0,
            787.0
        ],
        [
            819.0,
            825.0
        ],
        [
            872.0,
            844.0
        ],
        [
            931.0,
            870.0
        ],
        [
            1068.0,
            700.0
        ],
        [
            1130.0,
            681.0
        ],
        [
            1190.0,
            663.0
        ],
        [
            1067.0,
            786.0
        ],
        [
            1129.0,
            765.0
        ],
        [
            1186.0,
            748.0
        ],
        [
            1067.0,
            869.0
        ],
        [
            1128.0,
            847.0
        ],
        [
            1187.0,
            826.0
        ]
    ],
    "world_coord": [
        [
            0.0,
            30.0,
            30.0
        ],
        [
            0.0,
            20.0,
            30.0
        ],
        [
            0.0,
            10.0,
            30.0
        ],
        [
            0.0,
            30.0,
            20.0
        ],
        [
            0.0,
            20.0,
            20.0
        ],
        [
            0.0,
            10.0,
            20.0
        ],
        [
            0.0,
            30.0,
            10.0
        ],
        [
            0.0,
            20.0,
            10.0
        ],
        [
            0.0,
            10.0,
            10.0
        ],
        [
            10.0,
            0.0,
            30.0
        ],
        [
            20.0,
            0.0,
            30.0
        ],
        [
            30.0,
            0.0,
            30.0
        ],
        [
            10.0,
            0.0,
            20.0
        ],
        [
            20.0,
            0.0,
            20.0
        ],
        [
            30.0,
            0.0,
            20.0
        ],
        [
            10.0,
            0.0,
            10.0
        ],
        [
            20.0,
            0.0,
            10.0
        ],
        [
            30.0,
            0.0,
            10.0
        ]
    ],
    "fx": 1610.2213134765625,
    "fy": 1536.9173583984375,
    "cx": 985.4869384765625,
    "cy": 544.2958984375,
    "R": [
        [
            0.729467511177063,
            -0.6839947700500488,
            -0.005297213792800903
        ],
        [
            -0.13612449169158936,
            -0.13757586479187012,
            -0.9810924530029297
        ],
        [
            0.6703336834907532,
            0.7163965702056885,
            -0.19346557557582855
        ]
    ],
    "T": [
        1.2082728147506714,
        47.77171325683594,
        167.1728973388672
    ]
}