{
    "rot_xyz2XYZ": [
        [
            0.5566704273223877,
            -0.31441545486450195,
            0.768934965133667
        ],
        [
            0.663413941860199,
            0.7253570556640625,
            -0.18368187546730042
        ],
        [
            -0.5,
            0.6123723983764648,
            0.6123723983764648
        ]
    ],
    "rot_XYZ2xyz": [
        [
            0.5566704273223877,
            0.663413941860199,
            -0.5
        ],
        [
            -0.31441545486450195,
            0.7253570556640625,
            0.6123723983764648
        ],
        [
            0.768934965133667,
            -0.18368187546730042,
            0.6123723983764648
        ]
    ]
}